{
	"pages": [
	{
		"path": "pages/home/home",
		"style": {
			"navigationBarTitleText": "点餐平台",
			"navigationStyle": "custom"
		}
	},
	{
		"path": "pages/login/login",
		"style": {
			"navigationBarTitleText": "登录"
		}
	},
	{
		"path": "pages/chat/chat",
		"style": {
			"navigationBarTitleText": "联系前台"
		}
	},
	{
		"path": "pages/login/register",
		"style": {
			"navigationBarTitleText": "注册"
		}
	},
	{
		"path": "pages/login/forget",
		"style": {
			"navigationBarTitleText": "忘记密码"
		}
	},
	{
		"path": "pages/ratelist/ratelist",
		"style": {
			"navigationBarTitleText": "大众点评"
			// "navigationStyle": "custom"
		}
	},
	{
		"path": "pages/ratelist/ratedetail",
		"style": {
			"navigationBarTitleText": "详细评论"
			// "navigationStyle": "custom"
		}
	},
	{
		"path": "pages/upload/upload",
		"style": {
			"navigationBarTitleText": "大众点评"
		}
	},
	{
		"path": "pages/order/order",
		"style": {
			"navigationStyle": "custom",
			"disableScroll": true
		}
	}, {
		"path": "pages/my/my",
		"style": {
			"navigationStyle": "custom"
		}
	}, {
		"path": "pages/integrals/mall",
		"style": {
			"navigationBarTitleText": "积分商城"
		}
	}, {
		"path": "pages/integrals/detail",
		"style": {
			"navigationBarTitleText": ""
		}
	}, {
		"path": "pages/my/wallet",
		"style": {
			"navigationBarTitleText": ""
		}
	}, {
		"path": "pages/my/mall",
		"style": {}
	}, {
		"path": "pages/index/index",
		"style": {
			"navigationBarTitleText": "点餐平台",
			"disableScroll": true
		}
	}, {
		"path": "pages/my/code",
		"style": {
			"navigationStyle": "custom"
		}
	}, {
		"path": "pages/my/info",
		"style": {
			"navigationBarTitleText": "个人资料"
		}
	},{
		"path": "pages/my/change",
		"style": {
			"navigationBarTitleText": "修改密码"
		}
	},{
		"path": "pages/my/exchange",
		"style": {
			"navigationBarTitleText": "兑换卡券"
		}
	}, {
		"path": "pages/task-center/task-center",
		"style": {
			"navigationBarTitleText": "任务中心"
		}
	}, {
		"path": "pages/integrals/scores",
		"style": {
			"navigationBarTitleText": "积分明细",
			"disableScroll": true
		}
	}, {
		"path": "pages/my/member",
		"style": {
			"navigationBarTitleText": "开通星球会员",
			"navigationBarBackgroundColor": "#f6f6f6"
		}
	}, {
		"path": "pages/addresses/addresses",
		"style": {
			"navigationBarTitleText": "收货地址"
		}
	}, {
		"path": "pages/addresses/add",
		"style": {
			"navigationBarTitleText": "添加地址"
		}
	}, {
		"path": "pages/pay/pay",
		"style": {
			"navigationBarTitleText": "订单结算"
		}
	}, {
		"path": "pages/pay/discount",
		"style": {
			"navigationBarTitleText": "优惠减免"
		}
	},
	{
		"path": "pages/home/group-dinner",
		"style": {
			"navigationBarTitleText": "企业团餐"
		}
	}, {
		"path": "pages/order/detail",
		"style": {
			"navigationBarTitleText": "订单详情"
		}
	}, {
		"path": "pages/pay/remark",
		"style": {
			"navigationBarTitleText": "填写备注"
		}
	}, {
		"path": "pages/gifts/gifts",
		"style": {
			"navigationBarTitleText": "红包卡券"
		}
	}, {
		"path": "pages/my/benefits",
		"style": {
			"navigationBarTitleText": "会员权益"
		}
	}, {
		"path": "pages/my/member-benefit",
		"style": {
			"navigationBarTitleText": "星球会员权益"
		}
	} ,{
            "path" : "pages/login/login",
            "style" :                                                                                    
            {
                "navigationBarTitleText": "",
                "enablePullDownRefresh": false
            }
            
        }
    ],
	"tabBar": {
		"color": "#999999",
		"selectedColor": "#343434",
		"borderStyle": "white",
		"backgroundColor": "#F7F7F7",
		"fontSize": "12px",
		"iconWidth": "28px",
		"list": [{
			"pagePath": "pages/home/home",
			"iconPath": "static/images/tabbar/home.png",
			"selectedIconPath": "static/images/tabbar/home_selected.png",
			"text": "首页"
		}, {
			"pagePath": "pages/index/index",
			"iconPath": "static/images/tabbar/index.png",
			"selectedIconPath": "static/images/tabbar/index_selected.png",
			"text": "点单"
		}, {
			"pagePath": "pages/order/order",
			"iconPath": "static/images/tabbar/order.png",
			"selectedIconPath": "static/images/tabbar/order_selected.png",
			"text": "订单"
		}, {
			"pagePath": "pages/my/my",
			"iconPath": "static/images/tabbar/my.png",
			"selectedIconPath": "static/images/tabbar/my_selected.png",
			"text": "我的"
		}]
	},
	"globalStyle": {
		"navigationBarTextStyle": "black",
		"navigationBarTitleText": "uni-app",
		"navigationBarBackgroundColor": "#FFFFFF",
		"backgroundColor": "#FDFDFD"
	}
}
