<?xml version="1.0" encoding="UTF-8" ?>
<!DOCTYPE mapper
PUBLIC "-//mybatis.org//DTD Mapper 3.0//EN"
"http://mybatis.org/dtd/mybatis-3-mapper.dtd">
<mapper namespace="com.example.demo.dao.CustomerDiscountMapper">
    
    <resultMap type="CustomerDiscount" id="CustomerDiscountResult">
        <result property="cdId"    column="cd_id"    />
        <result property="validate"    column="validate"    />
        <result property="customerId"    column="customer_id"    />
        <result property="discountId"    column="discount_id"    />
    </resultMap>

    <sql id="selectCustomerDiscountVo">
        select cd_id, customer_id, discount_id,validate from customer_discount
    </sql>

    <select id="selectCustomerDiscountList" parameterType="CustomerDiscount" resultMap="CustomerDiscountResult">
        <include refid="selectCustomerDiscountVo"/>
        <where>  
            <if test="customerId != null "> and customer_id = #{customerId}</if>
            <if test="discountId != null "> and discount_id = #{discountId}</if>
        </where>
    </select>
    
    <select id="selectCustomerDiscountByCdId" parameterType="Long" resultMap="CustomerDiscountResult">
        <include refid="selectCustomerDiscountVo"/>
        where cd_id = #{cdId}
    </select>
        
    <insert id="insertCustomerDiscount" parameterType="CustomerDiscount">
        insert into customer_discount
        <trim prefix="(" suffix=")" suffixOverrides=",">
            <if test="cdId != null">cd_id,</if>
            <if test="customerId != null">customer_id,</if>
            <if test="discountId != null">discount_id,</if>
            <if test="validate != null">validate,</if>
         </trim>
        <trim prefix="values (" suffix=")" suffixOverrides=",">
            <if test="cdId != null">#{cdId},</if>
            <if test="customerId != null">#{customerId},</if>
            <if test="discountId != null">#{discountId},</if>
            <if test="validate != null">#{validate},</if>
         </trim>
    </insert>

    <update id="updateCustomerDiscount" parameterType="CustomerDiscount">
        update customer_discount
        <trim prefix="SET" suffixOverrides=",">
            <if test="customerId != null">customer_id = #{customerId},</if>
            <if test="discountId != null">discount_id = #{discountId},</if>
            <if test="validate != null">validate = #{validate},</if>
        </trim>
        where cd_id = #{cdId}
    </update>

    <delete id="deleteCustomerDiscountByCdId" parameterType="Long">
        delete from customer_discount where cd_id = #{cdId}
    </delete>

    <delete id="deleteCustomerDiscountByCdIds" parameterType="String">
        delete from customer_discount where cd_id in 
        <foreach item="cdId" collection="array" open="(" separator="," close=")">
            #{cdId}
        </foreach>
    </delete>
</mapper>