<?xml version="1.0" encoding="UTF-8" ?>
<!DOCTYPE mapper
PUBLIC "-//mybatis.org//DTD Mapper 3.0//EN"
"http://mybatis.org/dtd/mybatis-3-mapper.dtd">
<mapper namespace="com.example.demo.dao.CustomerAddressMapper">
    
    <resultMap type="CustomerAddress" id="CustomerAddressResult">
        <result property="id"    column="id"    />
        <result property="name"    column="name"    />
        <result property="gender"    column="gender"    />
        <result property="description"    column="description"    />
        <result property="address"    column="address"    />
        <result property="isDefault"    column="is_default"    />
        <result property="phone"    column="phone"    />
        <result property="customerId"    column="customer_id"    />
    </resultMap>

    <sql id="selectCustomerAddressVo">
        select id, name, gender,description,address,is_default,phone,customer_id from customer_address
    </sql>

    <select id="selectCustomerAddressList" parameterType="customerAddress" resultMap="CustomerAddressResult">
        <include refid="selectCustomerAddressVo"/>
        <where>  
            <if test="id != null "> and id = #{id}</if>
            <if test="name != null "> and name = #{name}</if>
            <if test="gender != null "> and gender = #{gender}</if>
            <if test="address != null "> and address like concat('%',#{address},'%')</if>
            <if test="description != null "> and description like concat('%',#{description},'%') </if>
            <if test="isDefault != null "> and is_default = #{isDefault}</if>
            <if test="phone != null "> and phone = #{phone}</if>
            <if test="customerId != null "> and customer_id = #{customerId}</if>
        </where>
    </select>
    
    <select id="selectCustomerAddressById" parameterType="Long" resultMap="CustomerAddressResult">
        <include refid="selectCustomerAddressVo"/>
        where id = #{id}
    </select>
        
    <insert id="insertCustomerAddress" parameterType="CustomerAddress">
        insert into customer_address
        <trim prefix="(" suffix=")" suffixOverrides=",">
            <if test="id != null">id,</if>
            <if test="name != null">name,</if>
            <if test="gender != null">gender,</if>
            <if test="address != null">address,</if>
            <if test="description != null">description,</if>
            <if test="isDefault != null">is_default,</if>
            <if test="phone != null">phone,</if>
            <if test="customerId != null">customer_id,</if>
         </trim>
        <trim prefix="values (" suffix=")" suffixOverrides=",">
            <if test="id != null">#{id},</if>
            <if test="name != null">#{name},</if>
            <if test="gender != null">#{gender},</if>
            <if test="address != null">#{address},</if>
            <if test="description != null">#{description},</if>
            <if test="isDefault != null">#{isDefault},</if>
            <if test="phone != null">#{phone},</if>
            <if test="customerId != null">#{customerId},</if>
         </trim>
    </insert>
    <update id="updateCustomerAddressAll" parameterType="CustomerAddress">
        update customer_address
        <trim prefix="SET" suffixOverrides=",">
            <if test="name != null">name = #{name},</if>
            <if test="gender != null">gender = #{gender},</if>
            <if test="address != null">address = #{address},</if>
            <if test="description != null">description = #{description},</if>
            <if test="isDefault != null">is_default = #{isDefault},</if>
            <if test="phone != null">phone = #{phone},</if>
            <if test="customerId != null">customer_id = #{customerId},</if>
        </trim>
    </update>
    <update id="updateCustomerAddress" parameterType="CustomerAddress">
        update customer_address
        <trim prefix="SET" suffixOverrides=",">
            <if test="id != null">id = #{id},</if>
            <if test="name != null">name = #{name},</if>
            <if test="gender != null">gender = #{gender},</if>
            <if test="address != null">address = #{address},</if>
            <if test="description != null">description = #{description},</if>
            <if test="isDefault != null">is_default = #{isDefault},</if>
            <if test="phone != null">phone = #{phone},</if>
            <if test="customerId != null">customer_id = #{customerId},</if>
        </trim>
        where id = #{id}
    </update>

    <delete id="deleteCustomerAddressById" parameterType="Long">
        delete from Customer_address where id = #{id}
    </delete>

    <delete id="deleteCustomerAddressByIds" parameterType="String">
        delete from customer_address where id in
        <foreach item="id" collection="array" open="(" separator="," close=")">
            #{id}
        </foreach>
    </delete>
</mapper>