<?xml version="1.0" encoding="UTF-8" ?>
<!DOCTYPE mapper
PUBLIC "-//mybatis.org//DTD Mapper 3.0//EN"
"http://mybatis.org/dtd/mybatis-3-mapper.dtd">
<mapper namespace="com.example.demo.dao.CustomerInfoMapper">
    
    <resultMap type="CustomerInfo" id="CustomerInfoResult">
        <result property="customerId"    column="customer_id"    />
        <result property="openId"    column="open_id"    />
        <result property="customerName"    column="customer_name"    />
        <result property="customerPasswd"    column="customer_passwd"    />
        <result property="customerPhone"    column="customer_phone"    />
        <result property="customerAddr"    column="customer_addr"    />
        <result property="nickname"    column="nickname"    />
        <result property="idNo"    column="id_no"    />
        <result property="customerType"    column="customer_type"    />
        <result property="createTime"    column="create_time"    />
        <result property="createBy"    column="create_by"    />
        <result property="updateBy"    column="update_by"    />
        <result property="updateTime"    column="update_time"    />
        <result property="delFlag"    column="del_flag"    />
        <result property="customerSex"    column="customer_sex"    />
        <result property="customerScore"    column="customer_score"    />
    </resultMap>

    <sql id="selectCustomerInfoVo">
        select customer_id, open_id, customer_name, customer_passwd, customer_phone, customer_addr, nickname, id_no, customer_type, create_time, create_by, update_by, update_time, del_flag, customer_sex, customer_score from customer_info
    </sql>

    <select id="selectCustomerInfoList" parameterType="CustomerInfo" resultMap="CustomerInfoResult">
        <include refid="selectCustomerInfoVo"/>
        <where>  
            <if test="customerName != null  and customerName != ''"> and customer_name like concat('%', #{customerName}, '%')</if>
            <if test="customerPasswd != null  and customerPasswd != ''"> and customer_passwd = #{customerPasswd}</if>
            <if test="customerPhone != null  and customerPhone != ''"> and customer_phone = #{customerPhone}</if>
            <if test="customerAddr != null  and customerAddr != ''"> and customer_addr = #{customerAddr}</if>
            <if test="nickname != null  and nickname != ''"> and nickname like concat('%', #{nickname}, '%')</if>
            <if test="idNo != null  and idNo != ''"> and id_no = #{idNo}</if>
            <if test="customerType != null "> and customer_type = #{customerType}</if>
            <if test="customerSex != null"> and customer_sex = #{customerSex}</if>
        </where>
    </select>
    
    <select id="selectCustomerInfoByCustomerId" parameterType="Long" resultMap="CustomerInfoResult">
        <include refid="selectCustomerInfoVo"/>
        where customer_id = #{customerId}
    </select>
        
    <insert id="insertCustomerInfo" parameterType="CustomerInfo" useGeneratedKeys="true" keyProperty="customerId">
        insert into customer_info
        <trim prefix="(" suffix=")" suffixOverrides=",">
            <if test="openId != null">open_id,</if>
            <if test="customerName != null">customer_name,</if>
            <if test="customerPasswd != null">customer_passwd,</if>
            <if test="customerPhone != null">customer_phone,</if>
            <if test="customerAddr != null">customer_addr,</if>
            <if test="nickname != null">nickname,</if>
            <if test="idNo != null">id_no,</if>
            <if test="customerType != null">customer_type,</if>
            <if test="createTime != null">create_time,</if>
            <if test="createBy != null">create_by,</if>
            <if test="updateBy != null">update_by,</if>
            <if test="updateTime != null">update_time,</if>
            <if test="delFlag != null">del_flag,</if>
            <if test="customerSex != null">customer_sex,</if>
            <if test="customerScore != null">customer_score,</if>
         </trim>
        <trim prefix="values (" suffix=")" suffixOverrides=",">
            <if test="openId != null">#{openId},</if>
            <if test="customerName != null">#{customerName},</if>
            <if test="customerPasswd != null">#{customerPasswd},</if>
            <if test="customerPhone != null">#{customerPhone},</if>
            <if test="customerAddr != null">#{customerAddr},</if>
            <if test="nickname != null">#{nickname},</if>
            <if test="idNo != null">#{idNo},</if>
            <if test="customerType != null">#{customerType},</if>
            <if test="createTime != null">#{createTime},</if>
            <if test="createBy != null">#{createBy},</if>
            <if test="updateBy != null">#{updateBy},</if>
            <if test="updateTime != null">#{updateTime},</if>
            <if test="delFlag != null">#{delFlag},</if>
            <if test="customerSex != null">#{customerSex},</if>
            <if test="customerScore != null">#{customerScore},</if>
         </trim>
    </insert>

    <update id="updateCustomerInfo" parameterType="CustomerInfo">
        update customer_info
        <trim prefix="SET" suffixOverrides=",">
            <if test="openId != null">open_id = #{openId},</if>
            <if test="customerName != null">customer_name = #{customerName},</if>
            <if test="customerPasswd != null">customer_passwd = #{customerPasswd},</if>
            <if test="customerPhone != null">customer_phone = #{customerPhone},</if>
            <if test="customerAddr != null">customer_addr = #{customerAddr},</if>
            <if test="nickname != null">nickname = #{nickname},</if>
            <if test="idNo != null">id_no = #{idNo},</if>
            <if test="customerType != null">customer_type = #{customerType},</if>
            <if test="createTime != null">create_time = #{createTime},</if>
            <if test="createBy != null">create_by = #{createBy},</if>
            <if test="updateBy != null">update_by = #{updateBy},</if>
            <if test="updateTime != null">update_time = #{updateTime},</if>
            <if test="delFlag != null">del_flag = #{delFlag},</if>
            <if test="customerSex != null">customer_sex = #{customerSex},</if>
            <if test="customerScore != null">customer_score = #{customerScore},</if>
        </trim>
        where customer_id = #{customerId}
    </update>

    <delete id="deleteCustomerInfoByCustomerId" parameterType="Long">
        delete from customer_info where customer_id = #{customerId}
    </delete>

    <delete id="deleteCustomerInfoByCustomerIds" parameterType="String">
        delete from customer_info where customer_id in 
        <foreach item="customerId" collection="array" open="(" separator="," close=")">
            #{customerId}
        </foreach>
    </delete>
</mapper>