<?xml version="1.0" encoding="UTF-8" ?>
<!DOCTYPE mapper
PUBLIC "-//mybatis.org//DTD Mapper 3.0//EN"
"http://mybatis.org/dtd/mybatis-3-mapper.dtd">
<mapper namespace="com.example.demo.dao.DiscountInfoMapper">
    
    <resultMap type="DiscountInfo" id="DiscountInfoResult">
        <result property="discountId"    column="discount_id"    />
        <result property="discountAccount"    column="discount_account"    />
        <result property="discountDetail"    column="discount_detail"    />
        <result property="isvalidate"    column="isValidate"    />
        <result property="discountCondition"    column="discount_condition"    />
        <result property="updateTime"    column="update_time"    />
        <result property="createBy"    column="create_by"    />
        <result property="createTime"    column="create_time"    />
        <result property="discountType"    column="discount_type"    />
        <result property="updateBy"    column="update_by"    />
        <result property="discountTitle"    column="discount_title"    />
    </resultMap>

    <sql id="selectDiscountInfoVo">
        select discount_id, discount_account, discount_detail, isValidate, discount_condition,  update_time, create_by, create_time, discount_type, update_by, discount_title from discount_info
    </sql>
    <select id="selectDiscountInfoByCondition" parameterType="DiscountInfo" resultMap="DiscountInfoResult">
        <include refid="selectDiscountInfoVo"/>
        <where>
            <if test="discountId != null "> and discount_id = #{discountId}</if>
            <if test="discountAccount != null "> and discount_account = #{discountAccount}</if>
            <if test="discountDetail != null  and discountDetail != ''"> and discount_detail = #{discountDetail}</if>
            <if test="isvalidate != null  and isvalidate != ''"> and isValidate = #{isvalidate}</if>
            <if test="discountCondition != null "> and discount_condition &lt;= #{discountCondition}</if>
            <if test="discountType != null  and discountType != ''"> and discount_type = #{discountType}</if>
            <if test="discountTitle != null  and discountTitle != ''"> and discount_title = #{discountTitle}</if>
        </where>
    </select>
    <select id="selectDiscountInfoList" parameterType="DiscountInfo" resultMap="DiscountInfoResult">
        <include refid="selectDiscountInfoVo"/>
        <where>
            <if test="discountAccount != null "> and discount_account = #{discountAccount}</if>
            <if test="discountDetail != null  and discountDetail != ''"> and discount_detail = #{discountDetail}</if>
            <if test="isvalidate != null  and isvalidate != ''"> and isValidate = #{isvalidate}</if>
            <if test="discountCondition != null "> and discount_condition &lt;= #{discountCondition}</if>
            <if test="discountType != null  and discountType != ''"> and discount_type = #{discountType}</if>
            <if test="discountTitle != null  and discountTitle != ''"> and discount_title = #{discountTitle}</if>
        </where>
    </select>
    
    <select id="selectDiscountInfoByDiscountId" parameterType="Long" resultMap="DiscountInfoResult">
        <include refid="selectDiscountInfoVo"/>
        where discount_id = #{discountId}
    </select>
        
    <insert id="insertDiscountInfo" parameterType="DiscountInfo">
        insert into discount_info
        <trim prefix="(" suffix=")" suffixOverrides=",">
            <if test="discountId != null">discount_id,</if>
            <if test="discountAccount != null">discount_account,</if>
            <if test="discountDetail != null">discount_detail,</if>
            <if test="isvalidate != null">isValidate,</if>
            <if test="discountCondition != null">discount_condition,</if>
            <if test="updateTime != null">update_time,</if>
            <if test="createBy != null">create_by,</if>
            <if test="createTime != null">create_time,</if>
            <if test="discountType != null">discount_type,</if>
            <if test="updateBy != null">update_by,</if>
            <if test="discountTitle != null">discount_title,</if>
         </trim>
        <trim prefix="values (" suffix=")" suffixOverrides=",">
            <if test="discountId != null">#{discountId},</if>
            <if test="discountAccount != null">#{discountAccount},</if>
            <if test="discountDetail != null">#{discountDetail},</if>
            <if test="isvalidate != null">#{isvalidate},</if>
            <if test="discountCondition != null">#{discountCondition},</if>
            <if test="updateTime != null">#{updateTime},</if>
            <if test="createBy != null">#{createBy},</if>
            <if test="createTime != null">#{createTime},</if>
            <if test="discountType != null">#{discountType},</if>
            <if test="updateBy != null">#{updateBy},</if>
            <if test="discountTitle != null">#{discountTitle},</if>
         </trim>
    </insert>

    <update id="updateDiscountInfo" parameterType="DiscountInfo">
        update discount_info
        <trim prefix="SET" suffixOverrides=",">
            <if test="discountAccount != null">discount_account = #{discountAccount},</if>
            <if test="discountDetail != null">discount_detail = #{discountDetail},</if>
            <if test="isvalidate != null">isValidate = #{isvalidate},</if>
            <if test="discountCondition != null">discount_condition = #{discountCondition},</if>
            <if test="updateTime != null">update_time = #{updateTime},</if>
            <if test="createBy != null">create_by = #{createBy},</if>
            <if test="createTime != null">create_time = #{createTime},</if>
            <if test="discountType != null">discount_type = #{discountType},</if>
            <if test="updateBy != null">update_by = #{updateBy},</if>
            <if test="discountTitle != null">discount_title = #{discountTitle},</if>
        </trim>
        where discount_id = #{discountId}
    </update>

    <delete id="deleteDiscountInfoByDiscountId" parameterType="Long">
        delete from discount_info where discount_id = #{discountId}
    </delete>

    <delete id="deleteDiscountInfoByDiscountIds" parameterType="String">
        delete from discount_info where discount_id in 
        <foreach item="discountId" collection="array" open="(" separator="," close=")">
            #{discountId}
        </foreach>
    </delete>
</mapper>