<?xml version="1.0" encoding="UTF-8" ?>
<!DOCTYPE mapper
PUBLIC "-//mybatis.org//DTD Mapper 3.0//EN"
"http://mybatis.org/dtd/mybatis-3-mapper.dtd">
<mapper namespace="com.example.demo.dao.DiscountKeyMapper">
    
    <resultMap type="DiscountKey" id="DiscountKeyResult">
        <result property="keyId"    column="key_id"    />
        <result property="discountId"    column="discount_id"    />
        <result property="discountKey"    column="discount_key"    />
        <result property="createTime"    column="create_time"    />
        <result property="createBy"    column="create_by"    />
        <result property="updateBy"    column="update_by"    />
        <result property="updateTime"    column="update_time"    />
        <result property="isvalidate"    column="isValidate"    />
    </resultMap>

    <sql id="selectDiscountKeyVo">
        select key_id, discount_id, discount_key, create_time, create_by, update_by, update_time, isValidate from discount_key
    </sql>
    <select id="selectDiscountKeyByCondition" parameterType="DiscountKey" resultMap="DiscountKeyResult">
        <include refid="selectDiscountKeyVo"/>
        <where>
            <if test="discountId != null "> and discount_id = #{discountId}</if>
            <if test="discountKey != null  and discountKey != ''"> and discount_key = #{discountKey}</if>
            <if test="createTime != null "> and create_time = #{createTime}</if>
            <if test="isvalidate != null  and isvalidate != ''"> and isValidate = #{isvalidate}</if>
        </where>
    </select>
    <select id="selectDiscountKeyList" parameterType="DiscountKey" resultMap="DiscountKeyResult">
        <include refid="selectDiscountKeyVo"/>
        <where>  
            <if test="discountId != null "> and discount_id = #{discountId}</if>
            <if test="discountKey != null  and discountKey != ''"> and discount_key = #{discountKey}</if>
            <if test="createTime != null "> and create_time = #{createTime}</if>
            <if test="isvalidate != null  and isvalidate != ''"> and isValidate = #{isvalidate}</if>
        </where>
    </select>
    
    <select id="selectDiscountKeyByKeyId" parameterType="Long" resultMap="DiscountKeyResult">
        <include refid="selectDiscountKeyVo"/>
        where key_id = #{keyId}
    </select>
        
    <insert id="insertDiscountKey" parameterType="DiscountKey" useGeneratedKeys="true" keyProperty="keyId">
        insert into discount_key
        <trim prefix="(" suffix=")" suffixOverrides=",">
            <if test="discountId != null">discount_id,</if>
            <if test="discountKey != null">discount_key,</if>
            <if test="createTime != null">create_time,</if>
            <if test="createBy != null">create_by,</if>
            <if test="updateBy != null">update_by,</if>
            <if test="updateTime != null">update_time,</if>
            <if test="isvalidate != null">isValidate,</if>
         </trim>
        <trim prefix="values (" suffix=")" suffixOverrides=",">
            <if test="discountId != null">#{discountId},</if>
            <if test="discountKey != null">#{discountKey},</if>
            <if test="createTime != null">#{createTime},</if>
            <if test="createBy != null">#{createBy},</if>
            <if test="updateBy != null">#{updateBy},</if>
            <if test="updateTime != null">#{updateTime},</if>
            <if test="isvalidate != null">#{isvalidate},</if>
         </trim>
    </insert>

    <update id="updateDiscountKey" parameterType="DiscountKey">
        update discount_key
        <trim prefix="SET" suffixOverrides=",">
            <if test="discountId != null">discount_id = #{discountId},</if>
            <if test="discountKey != null">discount_key = #{discountKey},</if>
            <if test="createTime != null">create_time = #{createTime},</if>
            <if test="createBy != null">create_by = #{createBy},</if>
            <if test="updateBy != null">update_by = #{updateBy},</if>
            <if test="updateTime != null">update_time = #{updateTime},</if>
            <if test="isvalidate != null">isValidate = #{isvalidate},</if>
        </trim>
        where key_id = #{keyId}
    </update>

    <delete id="deleteDiscountKeyByKeyId" parameterType="Long">
        delete from discount_key where key_id = #{keyId}
    </delete>

    <delete id="deleteDiscountKeyByKeyIds" parameterType="String">
        delete from discount_key where key_id in 
        <foreach item="keyId" collection="array" open="(" separator="," close=")">
            #{keyId}
        </foreach>
    </delete>
</mapper>