<?xml version="1.0" encoding="UTF-8" ?>
<!DOCTYPE mapper
PUBLIC "-//mybatis.org//DTD Mapper 3.0//EN"
"http://mybatis.org/dtd/mybatis-3-mapper.dtd">
<mapper namespace="com.example.demo.dao.FoodSepcificationMapper">
    
    <resultMap type="FoodSepcification" id="FoodSepcificationResult">
        <result property="spcfId"    column="spcf_id"    />
        <result property="collectId"    column="collect_id"    />
        <result property="foodId"    column="food_id"    />
        <result property="spcfName"    column="spcf_name"    />
        <result property="spcfPrice"    column="spcf_price"    />
        <result property="createTime"    column="create_time"    />
        <result property="createBy"    column="create_by"    />
        <result property="updateBy"    column="update_by"    />
        <result property="updateTime"    column="update_time"    />
    </resultMap>

    <sql id="selectFoodSepcificationVo">
        select spcf_id, collect_id, food_id, spcf_name, spcf_price, create_time, create_by, update_by, update_time from food_sepcification
    </sql>

    <select id="selectFoodSepcificationList" parameterType="FoodSepcification" resultMap="FoodSepcificationResult">
        <include refid="selectFoodSepcificationVo"/>
        <where>  
            <if test="collectId != null "> and collect_id = #{collectId}</if>
            <if test="foodId != null "> and food_id = #{foodId}</if>
            <if test="spcfName != null  and spcfName != ''"> and spcf_name like concat('%', #{spcfName}, '%')</if>
            <if test="spcfPrice != null "> and spcf_price = #{spcfPrice}</if>
        </where>
    </select>
    
    <select id="selectFoodSepcificationBySpcfId" parameterType="Long" resultMap="FoodSepcificationResult">
        <include refid="selectFoodSepcificationVo"/>
        where spcf_id = #{spcfId}
    </select>
        
    <insert id="insertFoodSepcification" parameterType="FoodSepcification" useGeneratedKeys="true" keyProperty="spcfId">
        insert into food_sepcification
        <trim prefix="(" suffix=")" suffixOverrides=",">
            <if test="collectId != null">collect_id,</if>
            <if test="foodId != null">food_id,</if>
            <if test="spcfName != null">spcf_name,</if>
            <if test="spcfPrice != null">spcf_price,</if>
            <if test="createTime != null">create_time,</if>
            <if test="createBy != null">create_by,</if>
            <if test="updateBy != null">update_by,</if>
            <if test="updateTime != null">update_time,</if>
         </trim>
        <trim prefix="values (" suffix=")" suffixOverrides=",">
            <if test="collectId != null">#{collectId},</if>
            <if test="foodId != null">#{foodId},</if>
            <if test="spcfName != null">#{spcfName},</if>
            <if test="spcfPrice != null">#{spcfPrice},</if>
            <if test="createTime != null">#{createTime},</if>
            <if test="createBy != null">#{createBy},</if>
            <if test="updateBy != null">#{updateBy},</if>
            <if test="updateTime != null">#{updateTime},</if>
         </trim>
    </insert>

    <update id="updateFoodSepcification" parameterType="FoodSepcification">
        update food_sepcification
        <trim prefix="SET" suffixOverrides=",">
            <if test="collectId != null">collect_id = #{collectId},</if>
            <if test="foodId != null">food_id = #{foodId},</if>
            <if test="spcfName != null">spcf_name = #{spcfName},</if>
            <if test="spcfPrice != null">spcf_price = #{spcfPrice},</if>
            <if test="createTime != null">create_time = #{createTime},</if>
            <if test="createBy != null">create_by = #{createBy},</if>
            <if test="updateBy != null">update_by = #{updateBy},</if>
            <if test="updateTime != null">update_time = #{updateTime},</if>
        </trim>
        where spcf_id = #{spcfId}
    </update>

    <delete id="deleteFoodSepcificationBySpcfId" parameterType="Long">
        delete from food_sepcification where spcf_id = #{spcfId}
    </delete>

    <delete id="deleteFoodSepcificationBySpcfIds" parameterType="String">
        delete from food_sepcification where spcf_id in 
        <foreach item="spcfId" collection="array" open="(" separator="," close=")">
            #{spcfId}
        </foreach>
    </delete>
</mapper>