<?xml version="1.0" encoding="UTF-8" ?>
<!DOCTYPE mapper
PUBLIC "-//mybatis.org//DTD Mapper 3.0//EN"
"http://mybatis.org/dtd/mybatis-3-mapper.dtd">
<mapper namespace="com.example.demo.dao.FoodScoreMapper">
    
    <resultMap type="FoodScore" id="FoodScoreResult">
        <result property="scoreId"    column="score_id"    />
        <result property="customerId"    column="customer_id"    />
        <result property="orderId"    column="order_id"    />
        <result property="score"    column="score"    />
        <result property="scoreDetail"    column="score_detail"    />
        <result property="scoreImg"    column="score_img"    />
        <result property="createTime"    column="create_time"    />
        <result property="createBy"    column="create_by"    />
        <result property="updateBy"    column="update_by"    />
        <result property="updateTime"    column="update_time"    />
    </resultMap>

    <sql id="selectFoodScoreVo">
        select score_id, customer_id, order_id, score, score_detail, score_img, create_time, create_by, update_by, update_time from food_score
    </sql>
    <select id="selectRate" resultMap="FoodScoreResult">
        select customer_id,order_id,avg(score) as score from food_score where order_id in (select distinct order_id from food_score)  GROUP BY order_id,customer_id
    </select>
    <select id="selectFoodScoreList" parameterType="FoodScore" resultMap="FoodScoreResult">
        <include refid="selectFoodScoreVo"/>
        <where>  
            <if test="customerId != null "> and customer_id = #{customerId}</if>
            <if test="orderId != null"> and order_id = #{orderId}</if>
            <if test="scoreId != null"> and score_id = #{scoreId}</if>
            <if test="score != null  and score != ''"> and score = #{score}</if>
            <if test="scoreDetail != null  and scoreDetail != ''"> and score_detail = #{scoreDetail}</if>
            <if test="scoreImg != null  and scoreImg != ''"> and score_img = #{scoreImg}</if>
        </where>
        order by score_id desc
    </select>
    
    <select id="selectFoodScoreByScoreId" parameterType="Long" resultMap="FoodScoreResult">
        <include refid="selectFoodScoreVo"/>
        where score_id = #{scoreId}
    </select>
        
    <insert id="insertFoodScore" parameterType="FoodScore">
        insert into food_score
        <trim prefix="(" suffix=")" suffixOverrides=",">
            <if test="scoreId != null">score_id,</if>
            <if test="customerId != null">customer_id,</if>
            <if test="orderId != null">order_id,</if>
            <if test="score != null">score,</if>
            <if test="scoreDetail != null">score_detail,</if>
            <if test="scoreImg != null">score_img,</if>
            <if test="createTime != null">create_time,</if>
            <if test="createBy != null">create_by,</if>
            <if test="updateBy != null">update_by,</if>
            <if test="updateTime != null">update_time,</if>
         </trim>
        <trim prefix="values (" suffix=")" suffixOverrides=",">
            <if test="scoreId != null">#{scoreId},</if>
            <if test="customerId != null">#{customerId},</if>
            <if test="orderId != null">#{orderId},</if>
            <if test="score != null">#{score},</if>
            <if test="scoreDetail != null">#{scoreDetail},</if>
            <if test="scoreImg != null">#{scoreImg},</if>
            <if test="createTime != null">#{createTime},</if>
            <if test="createBy != null">#{createBy},</if>
            <if test="updateBy != null">#{updateBy},</if>
            <if test="updateTime != null">#{updateTime},</if>
         </trim>
    </insert>

    <update id="updateFoodScore" parameterType="FoodScore">
        update food_score
        <trim prefix="SET" suffixOverrides=",">
            <if test="customerId != null">customer_id = #{customerId},</if>
            <if test="orderId != null">order_id = #{orderId},</if>
            <if test="score != null">score = #{score},</if>
            <if test="scoreDetail != null">score_detail = #{scoreDetail},</if>
            <if test="scoreImg != null">score_img = #{scoreImg},</if>
            <if test="createTime != null">create_time = #{createTime},</if>
            <if test="createBy != null">create_by = #{createBy},</if>
            <if test="updateBy != null">update_by = #{updateBy},</if>
            <if test="updateTime != null">update_time = #{updateTime},</if>
        </trim>
        where score_id = #{scoreId}
    </update>

    <delete id="deleteFoodScoreByScoreId" parameterType="Long">
        delete from food_score where score_id = #{scoreId}
    </delete>

    <delete id="deleteFoodScoreByScoreIds" parameterType="String">
        delete from food_score where score_id in 
        <foreach item="scoreId" collection="array" open="(" separator="," close=")">
            #{scoreId}
        </foreach>
    </delete>
</mapper>