<?xml version="1.0" encoding="UTF-8" ?>
<!DOCTYPE mapper
PUBLIC "-//mybatis.org//DTD Mapper 3.0//EN"
"http://mybatis.org/dtd/mybatis-3-mapper.dtd">
<mapper namespace="com.example.demo.dao.FoodRecommendationMapper">
    
    <resultMap type="FoodRecommendation" id="FoodRecommendationResult">
        <result property="recId"    column="rec_id"    />
        <result property="customerId"    column="customer_id"    />
        <result property="foodId"    column="food_id"    />
        <result property="score"    column="score"    />
        <result property="createTime"    column="create_time"    />
        <result property="createBy"    column="create_by"    />
        <result property="updateBy"    column="update_by"    />
        <result property="updateTime"    column="update_time"    />
    </resultMap>

    <sql id="selectFoodRecommendationVo">
        select rec_id, customer_id, food_id, score, create_time, create_by, update_by, update_time from food_recommendation
    </sql>

    <select id="selectFoodRecommendationList" parameterType="FoodRecommendation" resultMap="FoodRecommendationResult">
        <include refid="selectFoodRecommendationVo"/>
        <where>  
            <if test="customerId != null "> and customer_id = #{customerId}</if>
            <if test="foodId != null "> and food_id = #{foodId}</if>
            <if test="score != null  and score != ''"> and score = #{score}</if>
        </where>
    </select>
    
    <select id="selectFoodRecommendationByRecId" parameterType="Long" resultMap="FoodRecommendationResult">
        <include refid="selectFoodRecommendationVo"/>
        where rec_id = #{recId}
    </select>
        
    <insert id="insertFoodRecommendation" parameterType="FoodRecommendation" useGeneratedKeys="true" keyProperty="recId">
        insert into food_recommendation
        <trim prefix="(" suffix=")" suffixOverrides=",">
            <if test="customerId != null">customer_id,</if>
            <if test="foodId != null">food_id,</if>
            <if test="score != null">score,</if>
            <if test="createTime != null">create_time,</if>
            <if test="createBy != null">create_by,</if>
            <if test="updateBy != null">update_by,</if>
            <if test="updateTime != null">update_time,</if>
         </trim>
        <trim prefix="values (" suffix=")" suffixOverrides=",">
            <if test="customerId != null">#{customerId},</if>
            <if test="foodId != null">#{foodId},</if>
            <if test="score != null">#{score},</if>
            <if test="createTime != null">#{createTime},</if>
            <if test="createBy != null">#{createBy},</if>
            <if test="updateBy != null">#{updateBy},</if>
            <if test="updateTime != null">#{updateTime},</if>
         </trim>
    </insert>

    <update id="updateFoodRecommendation" parameterType="FoodRecommendation">
        update food_recommendation
        <trim prefix="SET" suffixOverrides=",">
            <if test="customerId != null">customer_id = #{customerId},</if>
            <if test="foodId != null">food_id = #{foodId},</if>
            <if test="score != null">score = #{score},</if>
            <if test="createTime != null">create_time = #{createTime},</if>
            <if test="createBy != null">create_by = #{createBy},</if>
            <if test="updateBy != null">update_by = #{updateBy},</if>
            <if test="updateTime != null">update_time = #{updateTime},</if>
        </trim>
        where rec_id = #{recId}
    </update>

    <delete id="deleteFoodRecommendationByRecId" parameterType="Long">
        delete from food_recommendation where rec_id = #{recId}
    </delete>
    <delete id="deleteFoodRecommendation">
        delete from food_recommendation
    </delete>
    <delete id="deleteFoodRecommendationByRecIds" parameterType="String">
        delete from food_recommendation where rec_id in 
        <foreach item="recId" collection="array" open="(" separator="," close=")">
            #{recId}
        </foreach>
    </delete>
</mapper>