<?xml version="1.0" encoding="UTF-8" ?>
<!DOCTYPE mapper
PUBLIC "-//mybatis.org//DTD Mapper 3.0//EN"
"http://mybatis.org/dtd/mybatis-3-mapper.dtd">
<mapper namespace="com.example.demo.dao.FoodSingleScoreMapper">
    
    <resultMap type="FoodSingleScore" id="FoodSingleScoreResult">
        <result property="singleId"    column="single_id"    />
        <result property="customerId"    column="customer_id"    />
        <result property="foodId"    column="food_id"    />
        <result property="orderId"    column="order_id"    />
        <result property="score"    column="score"    />
        <result property="createTime"    column="create_time"    />
        <result property="createBy"    column="create_by"    />
        <result property="updateBy"    column="update_by"    />
        <result property="updateTime"    column="update_time"    />
    </resultMap>

    <sql id="selectFoodSingleScoreVo">
        select single_id, customer_id, food_id, order_id, score, create_time, create_by, update_by, update_time from food_single_score
    </sql>

    <select id="selectFoodSingleScoreList" parameterType="FoodSingleScore" resultMap="FoodSingleScoreResult">
        <include refid="selectFoodSingleScoreVo"/>
        <where>  
            <if test="customerId != null "> and customer_id = #{customerId}</if>
            <if test="foodId != null "> and food_id = #{foodId}</if>
            <if test="orderId != null  and orderId != ''"> and order_id = #{orderId}</if>
            <if test="score != null  and score != ''"> and score = #{score}</if>
        </where>
    </select>
    
    <select id="selectFoodSingleScoreBySingleId" parameterType="Long" resultMap="FoodSingleScoreResult">
        <include refid="selectFoodSingleScoreVo"/>
        where single_id = #{singleId}
    </select>
        
    <insert id="insertFoodSingleScore" parameterType="FoodSingleScore" useGeneratedKeys="true" keyProperty="singleId">
        insert into food_single_score
        <trim prefix="(" suffix=")" suffixOverrides=",">
            <if test="customerId != null">customer_id,</if>
            <if test="foodId != null">food_id,</if>
            <if test="orderId != null">order_id,</if>
            <if test="score != null">score,</if>
            <if test="createTime != null">create_time,</if>
            <if test="createBy != null">create_by,</if>
            <if test="updateBy != null">update_by,</if>
            <if test="updateTime != null">update_time,</if>
         </trim>
        <trim prefix="values (" suffix=")" suffixOverrides=",">
            <if test="customerId != null">#{customerId},</if>
            <if test="foodId != null">#{foodId},</if>
            <if test="orderId != null">#{orderId},</if>
            <if test="score != null">#{score},</if>
            <if test="createTime != null">#{createTime},</if>
            <if test="createBy != null">#{createBy},</if>
            <if test="updateBy != null">#{updateBy},</if>
            <if test="updateTime != null">#{updateTime},</if>
         </trim>
    </insert>

    <update id="updateFoodSingleScore" parameterType="FoodSingleScore">
        update food_single_score
        <trim prefix="SET" suffixOverrides=",">
            <if test="customerId != null">customer_id = #{customerId},</if>
            <if test="foodId != null">food_id = #{foodId},</if>
            <if test="orderId != null">order_id = #{orderId},</if>
            <if test="score != null">score = #{score},</if>
            <if test="createTime != null">create_time = #{createTime},</if>
            <if test="createBy != null">create_by = #{createBy},</if>
            <if test="updateBy != null">update_by = #{updateBy},</if>
            <if test="updateTime != null">update_time = #{updateTime},</if>
        </trim>
        where single_id = #{singleId}
    </update>

    <delete id="deleteFoodSingleScoreBySingleId" parameterType="Long">
        delete from food_single_score where single_id = #{singleId}
    </delete>

    <delete id="deleteFoodSingleScoreBySingleIds" parameterType="String">
        delete from food_single_score where single_id in 
        <foreach item="singleId" collection="array" open="(" separator="," close=")">
            #{singleId}
        </foreach>
    </delete>
</mapper>