<?xml version="1.0" encoding="UTF-8" ?>
<!DOCTYPE mapper
PUBLIC "-//mybatis.org//DTD Mapper 3.0//EN"
"http://mybatis.org/dtd/mybatis-3-mapper.dtd">
<mapper namespace="com.example.demo.dao.FoodMapper">
    
    <resultMap type="Food" id="FoodResult">
        <result property="foodId"    column="food_id"    />
        <result property="foodName"    column="food_name"    />
        <result property="foodPrice"    column="food_price"    />
        <result property="foodImg"    column="food_img"    />
        <result property="foodDetail"    column="food_detail"    />
        <result property="foodStatus"    column="food_status"    />
        <result property="foodType"    column="food_type"    />
        <result property="isSingle"    column="is_single"    />
        <result property="createTime"    column="create_time"    />
        <result property="createBy"    column="create_by"    />
        <result property="updateBy"    column="update_by"    />
        <result property="updateTime"    column="update_time"    />
    </resultMap>

    <sql id="selectFoodVo">
        select food_id, food_name, food_price, food_img, food_detail, food_status, food_type,is_single, create_time, create_by, update_by, update_time from food
    </sql>

    <select id="selectFoodList" parameterType="Food" resultMap="FoodResult">
        <include refid="selectFoodVo"/>
        <where>  
            <if test="foodName != null  and foodName != ''"> and food_name like concat('%', #{foodName}, '%')</if>
            <if test="foodPrice != null "> and food_price = #{foodPrice}</if>
            <if test="isSingle != null "> and is_single = #{isSingle}</if>
            <if test="foodImg != null  and foodImg != ''"> and food_img = #{foodImg}</if>
            <if test="foodDetail != null  and foodDetail != ''"> and food_detail = #{foodDetail}</if>
            <if test="foodStatus != null  and foodStatus != ''"> and food_status = #{foodStatus}</if>
            <if test="foodType != null "> and food_type = #{foodType}</if>
        </where>
    </select>
    
    <select id="selectFoodByFoodId" parameterType="Long" resultMap="FoodResult">
        <include refid="selectFoodVo"/>
        where food_id = #{foodId}
    </select>
        
    <insert id="insertFood" parameterType="Food" useGeneratedKeys="true" keyProperty="foodId">
        insert into food
        <trim prefix="(" suffix=")" suffixOverrides=",">
            <if test="foodName != null and foodName != ''">food_name,</if>
            <if test="foodPrice != null">food_price,</if>
            <if test="foodImg != null">food_img,</if>
            <if test="foodDetail != null">food_detail,</if>
            <if test="foodStatus != null">food_status,</if>
            <if test="foodType != null">food_type,</if>
            <if test="isSingle != null">is_single,</if>
            <if test="createTime != null">create_time,</if>
            <if test="createBy != null">create_by,</if>
            <if test="updateBy != null">update_by,</if>
            <if test="updateTime != null">update_time,</if>
         </trim>
        <trim prefix="values (" suffix=")" suffixOverrides=",">
            <if test="foodName != null and foodName != ''">#{foodName},</if>
            <if test="foodPrice != null">#{foodPrice},</if>
            <if test="foodImg != null">#{foodImg},</if>
            <if test="foodDetail != null">#{foodDetail},</if>
            <if test="foodStatus != null">#{foodStatus},</if>
            <if test="foodType != null">#{foodType},</if>
            <if test="isSingle != null">#{isSingle},</if>
            <if test="createTime != null">#{createTime},</if>
            <if test="createBy != null">#{createBy},</if>
            <if test="updateBy != null">#{updateBy},</if>
            <if test="updateTime != null">#{updateTime},</if>
         </trim>
    </insert>

    <update id="updateFood" parameterType="Food">
        update food
        <trim prefix="SET" suffixOverrides=",">
            <if test="foodName != null and foodName != ''">food_name = #{foodName},</if>
            <if test="foodPrice != null">food_price = #{foodPrice},</if>
            <if test="foodImg != null">food_img = #{foodImg},</if>
            <if test="foodDetail != null">food_detail = #{foodDetail},</if>
            <if test="foodStatus != null">food_status = #{foodStatus},</if>
            <if test="foodType != null">food_type = #{foodType},</if>
            <if test="isSingle != null">is_single = #{isSingle},</if>
            <if test="createTime != null">create_time = #{createTime},</if>
            <if test="createBy != null">create_by = #{createBy},</if>
            <if test="updateBy != null">update_by = #{updateBy},</if>
            <if test="updateTime != null">update_time = #{updateTime},</if>
        </trim>
        where food_id = #{foodId}
    </update>

    <delete id="deleteFoodByFoodId" parameterType="Long">
        delete from food where food_id = #{foodId}
    </delete>

    <delete id="deleteFoodByFoodIds" parameterType="String">
        delete from food where food_id in 
        <foreach item="foodId" collection="array" open="(" separator="," close=")">
            #{foodId}
        </foreach>
    </delete>
</mapper>