<?xml version="1.0" encoding="UTF-8" ?>
<!DOCTYPE mapper
PUBLIC "-//mybatis.org//DTD Mapper 3.0//EN"
"http://mybatis.org/dtd/mybatis-3-mapper.dtd">
<mapper namespace="com.example.demo.dao.FoodCollectMapper">
    
    <resultMap type="FoodCollect" id="FoodCollectResult">
        <result property="collectId"    column="collect_id"    />
        <result property="collectName"    column="collect_name"    />
        <result property="createTime"    column="create_time"    />
        <result property="createBy"    column="create_by"    />
        <result property="updateBy"    column="update_by"    />
        <result property="updateTime"    column="update_time"    />
    </resultMap>

    <sql id="selectFoodCollectVo">
        select collect_id, collect_name, create_time, create_by, update_by, update_time from food_collect
    </sql>

    <select id="selectFoodCollectList" parameterType="FoodCollect" resultMap="FoodCollectResult">
        <include refid="selectFoodCollectVo"/>
        <where>  
            <if test="collectName != null  and collectName != ''"> and collect_name like concat('%', #{collectName}, '%')</if>
        </where>
    </select>
    
    <select id="selectFoodCollectByCollectId" parameterType="Long" resultMap="FoodCollectResult">
        <include refid="selectFoodCollectVo"/>
        where collect_id = #{collectId}
    </select>
        
    <insert id="insertFoodCollect" parameterType="FoodCollect" useGeneratedKeys="true" keyProperty="collectId">
        insert into food_collect
        <trim prefix="(" suffix=")" suffixOverrides=",">
            <if test="collectName != null">collect_name,</if>
            <if test="createTime != null">create_time,</if>
            <if test="createBy != null">create_by,</if>
            <if test="updateBy != null">update_by,</if>
            <if test="updateTime != null">update_time,</if>
         </trim>
        <trim prefix="values (" suffix=")" suffixOverrides=",">
            <if test="collectName != null">#{collectName},</if>
            <if test="createTime != null">#{createTime},</if>
            <if test="createBy != null">#{createBy},</if>
            <if test="updateBy != null">#{updateBy},</if>
            <if test="updateTime != null">#{updateTime},</if>
         </trim>
    </insert>

    <update id="updateFoodCollect" parameterType="FoodCollect">
        update food_collect
        <trim prefix="SET" suffixOverrides=",">
            <if test="collectName != null">collect_name = #{collectName},</if>
            <if test="createTime != null">create_time = #{createTime},</if>
            <if test="createBy != null">create_by = #{createBy},</if>
            <if test="updateBy != null">update_by = #{updateBy},</if>
            <if test="updateTime != null">update_time = #{updateTime},</if>
        </trim>
        where collect_id = #{collectId}
    </update>

    <delete id="deleteFoodCollectByCollectId" parameterType="Long">
        delete from food_collect where collect_id = #{collectId}
    </delete>

    <delete id="deleteFoodCollectByCollectIds" parameterType="String">
        delete from food_collect where collect_id in 
        <foreach item="collectId" collection="array" open="(" separator="," close=")">
            #{collectId}
        </foreach>
    </delete>
</mapper>