<?xml version="1.0" encoding="UTF-8" ?>
<!DOCTYPE mapper
PUBLIC "-//mybatis.org//DTD Mapper 3.0//EN"
"http://mybatis.org/dtd/mybatis-3-mapper.dtd">
<mapper namespace="com.example.demo.dao.FoodTypeMapper">
    
    <resultMap type="FoodType" id="FoodTypeResult">
        <result property="foodtypeId"    column="foodtype_id"    />
        <result property="foddtypeImg"    column="foddtype_img"    />
        <result property="foodtypeName"    column="foodtype_name"    />
        <result property="foodtypeDetail"    column="foodtype_detail"    />
        <result property="createTime"    column="create_time"    />
        <result property="createBy"    column="create_by"    />
        <result property="updateBy"    column="update_by"    />
        <result property="updateTime"    column="update_time"    />
    </resultMap>

    <sql id="selectFoodTypeVo">
        select foodtype_id, foddtype_img, foodtype_name, foodtype_detail, create_time, create_by, update_by, update_time from food_type
    </sql>

    <select id="selectFoodTypeList" parameterType="FoodType" resultMap="FoodTypeResult">
        <include refid="selectFoodTypeVo"/>
        <where>  
            <if test="foddtypeImg != null  and foddtypeImg != ''"> and foddtype_img = #{foddtypeImg}</if>
            <if test="foodtypeName != null  and foodtypeName != ''"> and foodtype_name like concat('%', #{foodtypeName}, '%')</if>
            <if test="foodtypeDetail != null  and foodtypeDetail != ''"> and foodtype_detail = #{foodtypeDetail}</if>
        </where>
    </select>
    
    <select id="selectFoodTypeByFoodtypeId" parameterType="Long" resultMap="FoodTypeResult">
        <include refid="selectFoodTypeVo"/>
        where foodtype_id = #{foodtypeId}
    </select>
        
    <insert id="insertFoodType" parameterType="FoodType">
        insert into food_type
        <trim prefix="(" suffix=")" suffixOverrides=",">
            <if test="foodtypeId != null">foodtype_id,</if>
            <if test="foddtypeImg != null">foddtype_img,</if>
            <if test="foodtypeName != null">foodtype_name,</if>
            <if test="foodtypeDetail != null">foodtype_detail,</if>
            <if test="createTime != null">create_time,</if>
            <if test="createBy != null">create_by,</if>
            <if test="updateBy != null">update_by,</if>
            <if test="updateTime != null">update_time,</if>
         </trim>
        <trim prefix="values (" suffix=")" suffixOverrides=",">
            <if test="foodtypeId != null">#{foodtypeId},</if>
            <if test="foddtypeImg != null">#{foddtypeImg},</if>
            <if test="foodtypeName != null">#{foodtypeName},</if>
            <if test="foodtypeDetail != null">#{foodtypeDetail},</if>
            <if test="createTime != null">#{createTime},</if>
            <if test="createBy != null">#{createBy},</if>
            <if test="updateBy != null">#{updateBy},</if>
            <if test="updateTime != null">#{updateTime},</if>
         </trim>
    </insert>

    <update id="updateFoodType" parameterType="FoodType">
        update food_type
        <trim prefix="SET" suffixOverrides=",">
            <if test="foddtypeImg != null">foddtype_img = #{foddtypeImg},</if>
            <if test="foodtypeName != null">foodtype_name = #{foodtypeName},</if>
            <if test="foodtypeDetail != null">foodtype_detail = #{foodtypeDetail},</if>
            <if test="createTime != null">create_time = #{createTime},</if>
            <if test="createBy != null">create_by = #{createBy},</if>
            <if test="updateBy != null">update_by = #{updateBy},</if>
            <if test="updateTime != null">update_time = #{updateTime},</if>
        </trim>
        where foodtype_id = #{foodtypeId}
    </update>

    <delete id="deleteFoodTypeByFoodtypeId" parameterType="Long">
        delete from food_type where foodtype_id = #{foodtypeId}
    </delete>

    <delete id="deleteFoodTypeByFoodtypeIds" parameterType="String">
        delete from food_type where foodtype_id in 
        <foreach item="foodtypeId" collection="array" open="(" separator="," close=")">
            #{foodtypeId}
        </foreach>
    </delete>
</mapper>