<?xml version="1.0" encoding="UTF-8" ?>
<!DOCTYPE mapper
PUBLIC "-//mybatis.org//DTD Mapper 3.0//EN"
"http://mybatis.org/dtd/mybatis-3-mapper.dtd">
<mapper namespace="com.example.demo.dao.OrderDetailMapper">
    
    <resultMap type="OrderDetail" id="OrderDetailResult">
        <result property="detailId"    column="detail_id"    />
        <result property="orderId"    column="order_id"    />
        <result property="foodId"    column="food_id"    />
        <result property="foodName"    column="food_name"    />
        <result property="foodPrice"    column="food_price"    />
        <result property="foodCount"    column="food_count"    />
        <result property="foodImg"    column="food_img"    />
        <result property="foodAdditional"    column="food_additional"    />
        <result property="createTime"    column="create_time"    />
        <result property="createBy"    column="create_by"    />
        <result property="updateBy"    column="update_by"    />
        <result property="updateTime"    column="update_time"    />
    </resultMap>

    <sql id="selectOrderDetailVo">
        select detail_id, order_id, food_id, food_name, food_price, food_count,food_additional, food_img, create_time, create_by, update_by, update_time from order_detail
    </sql>

    <select id="selectOrderDetailList" parameterType="OrderDetail" resultMap="OrderDetailResult">
        <include refid="selectOrderDetailVo"/>
        <where>  
            <if test="orderId != null "> and order_id = #{orderId}</if>
            <if test="foodId != null "> and food_id = #{foodId}</if>
            <if test="foodName != null  and foodName != ''"> and food_name like concat('%', #{foodName}, '%')</if>
            <if test="foodPrice != null "> and food_price = #{foodPrice}</if>
            <if test="foodCount != null "> and food_count = #{foodCount}</if>
            <if test="foodImg != null  and foodImg != ''"> and food_img = #{foodImg}</if>
        </where>
    </select>
    
    <select id="selectOrderDetailByDetailId" parameterType="Long" resultMap="OrderDetailResult">
        <include refid="selectOrderDetailVo"/>
        where detail_id = #{detailId}
    </select>
        
    <insert id="insertOrderDetail" parameterType="OrderDetail">
        insert into order_detail
        <trim prefix="(" suffix=")" suffixOverrides=",">
            <if test="detailId != null">detail_id,</if>
            <if test="orderId != null">order_id,</if>
            <if test="foodId != null">food_id,</if>
            <if test="foodName != null">food_name,</if>
            <if test="foodPrice != null">food_price,</if>
            <if test="foodCount != null">food_count,</if>
            <if test="foodImg != null">food_img,</if>
            <if test="foodAdditional != null">food_additional,</if>
            <if test="createTime != null">create_time,</if>
            <if test="createBy != null">create_by,</if>
            <if test="updateBy != null">update_by,</if>
            <if test="updateTime != null">update_time,</if>
         </trim>
        <trim prefix="values (" suffix=")" suffixOverrides=",">
            <if test="detailId != null">#{detailId},</if>
            <if test="orderId != null">#{orderId},</if>
            <if test="foodId != null">#{foodId},</if>
            <if test="foodName != null">#{foodName},</if>
            <if test="foodPrice != null">#{foodPrice},</if>
            <if test="foodCount != null">#{foodCount},</if>
            <if test="foodImg != null">#{foodImg},</if>
            <if test="foodAdditional != null">#{foodAdditional},</if>
            <if test="createTime != null">#{createTime},</if>
            <if test="createBy != null">#{createBy},</if>
            <if test="updateBy != null">#{updateBy},</if>
            <if test="updateTime != null">#{updateTime},</if>
         </trim>
    </insert>

    <update id="updateOrderDetail" parameterType="OrderDetail">
        update order_detail
        <trim prefix="SET" suffixOverrides=",">
            <if test="orderId != null">order_id = #{orderId},</if>
            <if test="foodId != null">food_id = #{foodId},</if>
            <if test="foodName != null">food_name = #{foodName},</if>
            <if test="foodPrice != null">food_price = #{foodPrice},</if>
            <if test="foodCount != null">food_count = #{foodCount},</if>
            <if test="foodImg != null">food_img = #{foodImg},</if>
            <if test="foodAdditional != null">food_additional = #{foodAdditional},</if>
            <if test="createTime != null">create_time = #{createTime},</if>
            <if test="createBy != null">create_by = #{createBy},</if>
            <if test="updateBy != null">update_by = #{updateBy},</if>
            <if test="updateTime != null">update_time = #{updateTime},</if>
        </trim>
        where detail_id = #{detailId}
    </update>

    <delete id="deleteOrderDetailByDetailId" parameterType="Long">
        delete from order_detail where detail_id = #{detailId}
    </delete>

    <delete id="deleteOrderDetailByDetailIds" parameterType="String">
        delete from order_detail where detail_id in 
        <foreach item="detailId" collection="array" open="(" separator="," close=")">
            #{detailId}
        </foreach>
    </delete>
</mapper>