<?xml version="1.0" encoding="UTF-8" ?>
<!DOCTYPE mapper
PUBLIC "-//mybatis.org//DTD Mapper 3.0//EN"
"http://mybatis.org/dtd/mybatis-3-mapper.dtd">
<mapper namespace="com.example.demo.dao.OrderInfoMapper">
    
    <resultMap type="OrderInfo" id="OrderInfoResult">
        <result property="orderId"    column="order_id"    />
        <result property="iseval"    column="iseval"    />
        <result property="customerName"    column="customer_name"    />
        <result property="customerAddr"    column="customer_addr"    />
        <result property="customerId"    column="customer_id"    />
        <result property="orderAmount"    column="order_amount"    />
        <result property="orderType"    column="order_type"    />
        <result property="orderStatus"    column="order_status"    />
        <result property="discountId"    column="discount_id"    />
        <result property="discountDetail"    column="discount_detail"    />
        <result property="discountAmount"    column="discount_amount"    />
        <result property="payStatus"    column="pay_status"    />
        <result property="customerPhone"    column="customer_phone"    />
        <result property="chairNo"    column="chair_no"    />
        <result property="createTime"    column="create_time"    />
        <result property="createBy"    column="create_by"    />
        <result property="updateBy"    column="update_by"    />
        <result property="updateTime"    column="update_time"    />
    </resultMap>

    <sql id="selectOrderInfoVo">
        select order_id, customer_name,iseval, customer_phone,discount_id,discount_amount,discount_detail,customer_addr, customer_id, order_amount, order_type, order_status, pay_status, chair_no, create_time, create_by, update_by, update_time from order_info
    </sql>
    <select id="selectListNotOrderStatus" parameterType="OrderInfo" resultMap="OrderInfoResult">
        <include refid="selectOrderInfoVo"/>
        <where>
            <if test="customerName != null "> and customer_name like concat('%', #{customerName}, '%')</if>
            <if test="customerAddr != null  and customerAddr != ''"> and customer_addr = #{customerAddr}</if>
            <if test="customerId != null "> and customer_id = #{customerId}</if>
            <if test="iseval != null "> and iseval = #{iseval}</if>
            <if test="params.beginOrderAmount != null and params.beginOrderAmount != '' and params.endOrderAmount != null and params.endOrderAmount != ''"> and order_amount between #{params.beginOrderAmount} and #{params.endOrderAmount}</if>
            <if test="orderType != null"> and order_type = #{orderType}</if>
            <if test="customerPhone != null"> and customer_phone = #{customerPhone}</if>
            <if test="orderStatus != null"> and order_status != #{orderStatus}</if>
            <if test="payStatus != null"> and pay_status = #{payStatus}</if>
            <if test="chairNo != null "> and chair_no = #{chairNo}</if>
        </where>
        order by order_id desc
    </select>
    <select id="selectOrderInfoList" parameterType="OrderInfo" resultMap="OrderInfoResult">
        <include refid="selectOrderInfoVo"/>
        <where>  
            <if test="customerName != null "> and customer_name like concat('%', #{customerName}, '%')</if>
            <if test="customerAddr != null  and customerAddr != ''"> and customer_addr = #{customerAddr}</if>
            <if test="customerId != null "> and customer_id = #{customerId}</if>
            <if test="iseval != null "> and iseval = #{iseval}</if>
            <if test="params.beginOrderAmount != null and params.beginOrderAmount != '' and params.endOrderAmount != null and params.endOrderAmount != ''"> and order_amount between #{params.beginOrderAmount} and #{params.endOrderAmount}</if>
            <if test="orderType != null"> and order_type = #{orderType}</if>
            <if test="customerPhone != null"> and customer_phone = #{customerPhone}</if>
            <if test="orderStatus != null"> and order_status = #{orderStatus}</if>
            <if test="payStatus != null"> and pay_status = #{payStatus}</if>
            <if test="chairNo != null "> and chair_no = #{chairNo}</if>
        </where>
        order by order_id desc
    </select>
    
    <select id="selectOrderInfoByOrderId" parameterType="Long" resultMap="OrderInfoResult">
        <include refid="selectOrderInfoVo"/>
        where order_id = #{orderId}
    </select>
        
    <insert id="insertOrderInfo" parameterType="OrderInfo" useGeneratedKeys="true" keyProperty="orderId">
        insert into order_info
        <trim prefix="(" suffix=")" suffixOverrides=",">
            <if test="orderId != null">order_id,</if>
            <if test="customerName != null">customer_name,</if>
            <if test="customerAddr != null">customer_addr,</if>
            <if test="customerId != null">customer_id,</if>
            <if test="orderAmount != null">order_amount,</if>
            <if test="orderType != null">order_type,</if>
            <if test="discountId != null">discount_id,</if>
            <if test="discountAmount != null">discount_amount,</if>
            <if test="discountDetail != null">discount_detail,</if>
            <if test="orderStatus != null">order_status,</if>
            <if test="payStatus != null">pay_status,</if>
            <if test="chairNo != null">chair_no,</if>
            <if test="customerPhone != null">customer_phone,</if>
            <if test="createTime != null">create_time,</if>
            <if test="createBy != null">create_by,</if>
            <if test="updateBy != null">update_by,</if>
            <if test="updateTime != null">update_time,</if>
         </trim>
        <trim prefix="values (" suffix=")" suffixOverrides=",">
            <if test="orderId != null">#{orderId},</if>
            <if test="customerName != null">#{customerName},</if>
            <if test="customerAddr != null">#{customerAddr},</if>
            <if test="customerId != null">#{customerId},</if>
            <if test="orderAmount != null">#{orderAmount},</if>
            <if test="orderType != null">#{orderType},</if>
            <if test="discountId != null">#{discountId},</if>
            <if test="discountAmount != null">#{discountAmount},</if>
            <if test="discountDetail != null">#{discountDetail},</if>
            <if test="orderStatus != null">#{orderStatus},</if>
            <if test="payStatus != null">#{payStatus},</if>
            <if test="chairNo != null">#{chairNo},</if>
            <if test="customerPhone != null">#{customerPhone},</if>
            <if test="createTime != null">#{createTime},</if>
            <if test="createBy != null">#{createBy},</if>
            <if test="updateBy != null">#{updateBy},</if>
            <if test="updateTime != null">#{updateTime},</if>
         </trim>
    </insert>

    <update id="updateOrderInfo" parameterType="OrderInfo">
        update order_info
        <trim prefix="SET" suffixOverrides=",">
            <if test="customerName != null">customer_name = #{customerName},</if>
            <if test="iseval != null">iseval = #{iseval},</if>
            <if test="customerAddr != null">customer_addr = #{customerAddr},</if>
            <if test="customerId != null">customer_id = #{customerId},</if>
            <if test="orderAmount != null">order_amount = #{orderAmount},</if>
            <if test="orderType != null">order_type = #{orderType},</if>
            <if test="orderStatus != null">order_status = #{orderStatus},</if>
            <if test="payStatus != null">pay_status = #{payStatus},</if>
            <if test="chairNo != null">chair_no = #{chairNo},</if>
            <if test="customerPhone != null">customer_phone = #{customerPhone},</if>
            <if test="createTime != null">create_time = #{createTime},</if>
            <if test="createBy != null">create_by = #{createBy},</if>
            <if test="updateBy != null">update_by = #{updateBy},</if>
            <if test="updateTime != null">update_time = #{updateTime},</if>
            <if test="discountId != null">discount_id=#{discountId},</if>
            <if test="discountAmount != null">discount_amount=#{discountAmount},</if>
            <if test="discountDetail != null">discount_detail=#{discountDetail},</if>
        </trim>
        where order_id = #{orderId}
    </update>

    <delete id="deleteOrderInfoByOrderId" parameterType="Long">
        delete from order_info where order_id = #{orderId}
    </delete>

    <delete id="deleteOrderInfoByOrderIds" parameterType="String">
        delete from order_info where order_id in 
        <foreach item="orderId" collection="array" open="(" separator="," close=")">
            #{orderId}
        </foreach>
    </delete>
</mapper>